,group,datum
0,0,-2.6178280881592144
1,0,-3.4948346915891415
2,0,-5.05086096619663
3,0,-4.324196939304802
4,0,-5.007707301518214
5,0,-3.633085382374743
6,0,-1.530019582614159
7,0,-2.2554765110985
8,0,-4.168146100387326
9,0,-4.342198179857018
10,0,-4.3365125666109225
11,0,-3.1775518343765095
12,0,-2.785751730707536
13,0,-4.493094431440126
14,0,-4.587390160413044
15,0,-3.229522422491044
16,0,-4.645354258367196
17,0,-4.860428429133231
18,0,-3.7498750616505196
19,0,-5.843427114465338
20,0,-4.2336769106077705
21,0,-4.499777160829998
22,0,-3.909905965492354
23,0,-3.149131155569939
24,0,-5.533211215405932
25,0,-2.9251254921455496
26,0,-3.987115958711474
27,0,-2.651401355114818
28,0,-4.582035898042712
29,0,-4.839399613574892
30,0,-3.9418187484509675
31,0,-4.2227879846302265
32,0,-4.2811913520917875
33,0,-5.158560526555093
34,0,-4.701852503802849
35,0,-4.427037194073584
36,0,-5.971543111127368
37,0,-4.295366364237684
38,0,-4.884336763479402
39,0,-3.0138272494093243
40,0,-3.969014767087432
41,0,-4.692110394248401
42,0,-1.3893184459693302
43,0,-4.802125983759876
44,0,-4.849764354331728
45,0,-2.642310348165495
46,0,-5.119363399738198
47,0,-2.725321507277595
48,0,-4.2333096303567554
49,0,-2.2116302823043155
50,0,-4.896705781464831
51,0,-3.496133992954176
52,0,-6.074193964491748
53,0,-4.777659144731964
54,0,-2.7773389839768248
55,0,-2.64086154636262
56,0,-2.3299546974860927
57,0,-4.98093164927698
58,0,-4.740172437876054
59,0,-3.7247230378662612
60,0,-4.428507682192016
61,0,-2.584186573897384
62,0,-4.86399620253555
63,0,-5.183095806872155
64,0,-2.683625483543615
65,0,-4.554432163239536
66,0,-1.5544231198035905
67,0,-1.8886694155822163
68,0,-2.835234120071463
69,0,-3.0414005777613387
70,0,-4.493235958193603
71,0,-2.9281024222768304
72,0,-4.295266287193925
73,0,-3.8319449377579407
74,0,-5.156933410510603
75,0,-5.306501801331169
76,0,-3.995815864257638
77,0,-4.981267813212084
78,0,-4.93220563655837
79,0,-5.146441945940461
80,0,-3.6267161402248025
81,0,-3.49667585616932
82,0,-6.350320989362919
83,0,-3.8389608727953237
84,0,-4.255405756537914
85,0,-3.339340882652613
86,0,-5.100423960567012
87,0,-4.707047982594476
88,0,-3.6900277399586177
89,0,-4.116977435624406
90,0,-2.1595031090682455
91,0,-3.0583769031825
92,0,-4.391849923659246
93,0,-2.92370610346491
94,0,-4.346418174470949
95,0,-2.9964427677308976
96,0,-7.445869439019946
97,0,-4.201210121280907
98,0,-1.0595950499534084
99,0,-4.4548050188632144
100,0,-3.5355098286389466
101,0,-5.341120301937181
102,0,-2.3507285566255387
103,0,-3.61073421325334
104,0,-6.030740286521787
105,0,-4.7063822066720435
106,0,-3.68886706635841
107,0,-5.156082437039046
108,0,-4.601820676331636
109,0,-2.730695973795687
110,0,-4.5678827622467
111,0,-3.9051192455795403
112,0,-3.6661587514344607
113,0,-3.3956776560742696
114,0,-2.8524024891710775
115,0,-4.356863649590282
116,0,-4.624012279359809
117,0,-3.645377133230491
118,0,-3.4989932402456283
119,0,-0.8838390934603777
120,0,-2.244433827948954
121,0,-4.504773753654963
122,0,-3.3889906769029174
123,0,-2.6546078030744766
124,0,-3.6966606037685894
125,0,-3.535898364223308
126,0,-5.02702347132203
127,0,-2.7941770432164947
128,0,-4.331096845122653
129,0,-3.5771801108576073
130,0,-4.353907621106701
131,0,-3.851180557031048
132,0,-4.729870180204323
133,0,-5.477438975158211
134,0,-2.866274482633012
135,0,-4.378106422170068
136,0,-4.710764506515413
137,0,-2.44417491369064
138,0,-3.4707228762802833
139,0,-4.191654740314243
140,0,-4.881876600901527
141,0,-5.889036453827586
142,0,-2.095268883376053
143,0,-0.351279692316222
144,0,-5.112903844707453
145,0,-3.489019542246159
146,0,-3.849962792112691
147,0,-4.646783692914299
148,0,-4.162191172098263
149,0,-2.2047050951930722
150,0,-6.400341975855109
151,0,-5.8662282802343135
152,0,-3.4693641341650485
153,0,-5.512913328882895
154,0,-4.859903631370279
155,0,-4.177273154780749
156,0,-4.865432588414306
157,0,-2.9696184945813213
158,0,-5.921158334428789
159,0,-3.958512817043223
160,0,-5.172280531121623
161,0,-3.095583438235205
162,0,-2.7591795467045634
163,0,-1.300368528355953
164,0,-3.332704941642564
165,0,-2.6641415049118606
166,0,-3.40888340560852
167,0,-3.6562325897033836
168,0,-5.140213718027549
169,0,-4.943559391574317
170,0,-2.776163507151683
171,0,-3.6487443367070354
172,0,-4.536524090882251
173,0,-2.6398297977046514
174,0,-2.9089083749908617
175,0,-3.7928200980709867
176,0,-4.401905657377082
177,0,-3.43414796377285
178,0,-3.6362472400221537
179,0,-3.3675407845869127
180,0,-5.478451695431488
181,0,-1.8594331974098504
182,0,-4.536042504887884
183,0,-6.1512821778635605
184,0,-1.836672959474953
185,0,-3.0097159584485054
186,0,-6.122846037907973
187,0,-1.6171694537000896
188,0,-4.390081797530291
189,0,-1.268972871150266
190,0,-5.382756224755334
191,0,-3.7333182594988115
192,0,-2.6926041471939177
193,0,-5.4473327129154665
194,0,-4.157129637532181
195,0,-2.7988923162833568
196,0,-3.877564317090809
197,0,-4.088637483120424
198,0,-4.286700538615488
199,0,-2.598706695941006
200,0,-6.141647640241732
201,0,-5.668538091423694
202,0,-2.9457153382497556
203,0,-5.062685927432588
204,0,-5.770827014745949
205,0,-3.2930930846331057
206,0,-3.751496537853093
207,0,-5.070800667180579
208,0,-3.388630349513587
209,0,-6.546056660590203
210,0,-4.368198641894012
211,0,-5.524303607406736
212,0,-3.7252090678768432
213,0,-8.324476180481602
214,0,-3.173352232529438
215,0,-2.3109665705166473
216,0,-4.831161644027299
217,0,-3.153738288514492
218,0,-4.457594760898
219,0,-4.294000074445829
220,0,-4.373712274432663
221,0,-3.5418663091581033
222,0,-3.901278800718996
223,0,-4.696541257010659
224,0,-3.613423738006882
225,0,-3.8040199262576913
226,0,-4.874697005034469
227,0,-4.145658375755956
228,0,-2.6686175061825583
229,0,-5.258211426302384
230,0,-5.675510177948334
231,0,-4.10454197594541
232,0,-3.722451792637354
233,0,-7.054393557278804
234,0,-2.1989592182120425
235,0,-3.276691131342279
236,0,-2.7417770208514765
237,0,-5.024972957224312
238,0,-3.546937599775182
239,0,-2.3086705786160393
240,0,-4.087726509816924
241,0,-5.283042034140525
242,0,-3.6614897633937153
243,0,-4.076882605759339
244,0,-3.542711992848236
245,0,-4.836276871999525
246,0,-4.198538972497824
247,0,-3.8758655138209086
248,0,-5.620027621996452
249,0,-4.2637196029084
250,0,-4.4363997410565075
251,0,-5.203261311998322
252,0,-4.8829425257790104
253,0,-4.0937426522248455
254,0,-3.3034570394576592
255,0,-4.234900710423247
256,0,-3.6959723564620504
257,0,-3.1404986875468905
258,0,-4.432198188588327
259,0,-1.9629696212250454
260,0,-3.514794446259147
261,0,-3.0818177019898156
262,0,-4.536001205101189
263,0,-5.028909844257722
264,0,-5.725746193902421
265,0,-2.9792271358974225
266,0,-5.423001467027987
267,0,-3.5983375495134684
268,0,-5.966211857125172
269,0,-3.656292266248058
270,0,-3.852261609055747
271,0,-3.4814692837169936
272,0,-3.553401737115525
273,0,-3.7084508144816644
274,0,-2.6997383075589285
275,0,-4.577345751640371
276,0,-2.105351775105512
277,0,-4.900352064852033
278,0,-3.5238179198168753
279,0,-7.516804332771339
280,0,-6.6554860041268595
281,0,-3.4741095446938153
282,0,-3.981977160627417
283,0,-2.6398761198233975
284,0,-4.266717367596768
285,0,-3.804327907637721
286,0,-5.601674334642891
287,0,-3.0815891168223013
288,0,-3.4122555659154328
289,0,-4.838025697805784
290,0,-4.97570050459973
291,0,-3.9542614024819507
292,0,-3.329191658400383
293,0,-2.5029741125074034
294,0,-5.193714576684467
295,0,-4.4428050880178835
296,0,-4.57053538709392
297,0,2.4858617581219074
298,0,-4.493355204036064
299,0,-4.18680381450466
300,0,-4.049568156194995
301,0,-2.767309649011589
302,0,-4.535412668061144
303,0,-3.668237321431744
304,0,-3.2226094993708507
305,0,-2.533968917907642
306,0,-4.595726318824201
307,0,-2.8073512239674687
308,0,-4.461357994956447
309,0,-5.99699005527405
310,0,-4.429319187353615
311,0,-5.622624968397727
312,0,-4.903914433346837
313,0,-3.055948519897851
314,0,-4.232359512852463
315,0,-2.1816557738546134
316,0,-5.298184664494709
317,0,-5.696300110400324
318,0,-6.529150761523981
319,0,-3.3594731276060696
320,0,-4.4886347198016425
321,0,-3.3406793503265706
322,0,-3.1770254005391756
323,0,-3.876577635927145
324,0,-3.640987253291935
325,0,-3.4418372726456714
326,0,-4.725668207283557
327,0,-3.3904640968962623
328,0,-5.137293749648734
329,0,-5.002572246043492
330,0,-3.4607150735321146
331,0,-4.635774158485711
332,0,-6.150016080697081
333,0,-3.990074561765348
334,0,-1.851296836108229
335,0,-3.723665695582181
336,0,-3.6042131382440807
337,0,-2.4457331640014397
338,0,-3.416520072362523
339,0,-2.419223103809592
340,0,-4.219589184274449
341,0,-5.168691015932714
342,0,-2.8045530773528613
343,0,-3.7959054031917105
344,0,-4.486873383984319
345,0,-3.249714964380012
346,0,-4.93033430071865
347,0,-3.3078751812777654
348,0,-3.296709062445701
349,0,-3.5197043033227478
350,0,-1.6317824576697575
351,0,-4.904480721974783
352,0,-2.2128983124446577
353,0,-4.08956932816655
354,0,-2.6495125282602574
355,0,-4.319572217762094
356,0,-3.610366531244397
357,0,-3.590922557215174
358,0,-4.953162912176073
359,0,-4.750253465689568
360,0,-3.876002757727696
361,0,-4.7898534152074
362,0,-2.489951580622744
363,0,-3.620082123503586
364,0,-4.186303938401032
365,0,-4.294503574497055
366,0,-4.08970452625175
367,0,-2.8122034960940008
368,0,-3.61570708254418
369,0,-5.635599105619322
370,0,-4.056397266026825
371,0,-4.37078746070714
372,0,-4.722622685084471
373,0,-4.250592068052496
374,0,-3.118298542966926
375,0,-2.097209532728818
376,0,-5.057379750117109
377,0,-2.836067665352426
378,0,-6.460899127993964
379,0,-1.4948734370288603
380,0,-1.1747673720911442
381,0,-2.437767558008117
382,0,-3.48399475584936
383,0,-2.500157438584293
384,0,-3.5185730536487676
385,0,-4.1743782345211295
386,0,-5.384221455416059
387,0,-3.348368006866073
388,0,-3.9735268213849193
389,0,-3.923341395579492
390,0,-3.721559840031178
391,0,-4.774652427321127
392,0,-3.1062109675048215
393,0,-5.439910075506738
394,0,-3.664157950932155
395,0,-2.703583746136398
396,0,-3.12500944612816
397,0,-5.251466052788368
398,0,-3.703128744748628
399,0,-4.430625799429717
400,0,-3.411099868282343
401,0,-4.77998205357135
402,0,-2.8706378101318695
403,0,-7.156729001160561
404,0,-8.02424703282474
405,0,-4.678069568422975
406,0,-4.28949869965195
407,0,-4.389431412293576
408,0,-5.011008142725754
409,0,-2.269796282198258
410,0,-3.070005136453158
411,0,-1.7401492443204405
412,0,-5.732269563185387
413,0,-4.0620579668776315
414,0,-4.176732635956552
415,0,-4.484990088403444
416,0,-4.3341940758887825
417,0,-5.631276642476008
418,0,-1.7853156797110308
419,0,-2.3609930501897156
420,0,-2.92654450306655
421,0,-4.813404970248401
422,0,-5.340423828927882
423,0,-4.150297619005721
424,0,-4.640784652302494
425,0,-5.167649039760464
426,0,-4.920674391526513
427,0,-5.0788575489657095
428,0,-4.292669665876674
429,0,-3.906078422031101
430,0,-4.118731314326967
431,0,-5.266081846779983
432,0,-2.111485284683881
433,0,-4.429563851624299
434,0,-4.135151651053439
435,0,-1.62505507819143
436,0,-4.528636826980682
437,0,-2.96457258892337
438,0,-4.982709238000766
439,0,-4.078083503667242
440,0,-4.1006358157738445
441,0,-3.1589016468035234
442,0,-3.049191600223079
443,0,-4.800885931243559
444,0,-5.734909367494128
445,0,-4.371829313046331
446,0,-3.86258954188691
447,0,-4.240151456158385
448,0,-3.868450366100155
449,0,-3.9231141167844346
450,0,-4.209426180105505
451,0,-3.4775487511333263
452,0,-3.16898563647151
453,0,-3.623192316366459
454,0,-3.6395307187357204
455,0,-4.411585820129127
456,0,-4.70859830976861
457,0,-2.3847602973231914
458,0,-4.149230542381181
459,0,-4.47766332391651
460,0,-4.3976006821127465
461,0,-3.4717116380828634
462,0,-5.495371759563074
463,0,-2.970773061299476
464,0,-5.709761064825167
465,0,-1.2653387834529597
466,0,-3.9507177313827158
467,0,-2.653180160217743
468,0,-7.952711479789728
469,0,-3.863594003889777
470,0,-3.826774532584078
471,0,-4.198783840999408
472,0,-3.197393731786433
473,0,-5.396204864221026
474,0,-5.385839923861919
475,0,-4.842633421670303
476,0,-3.178598315252431
477,0,-3.6989813084277094
478,0,-4.389788886165993
479,0,-3.618344734743173
480,0,-3.088339942278657
481,0,-4.787480422760766
482,0,-4.759797898089699
483,0,-4.560923376728553
484,0,-4.0115860423731045
485,0,-4.704367333914719
486,0,-4.953200167725027
487,0,-1.3130400470632213
488,0,-3.8623445689189912
489,0,-2.6077761406236286
490,0,-3.5229754526855634
491,0,-1.4180574593769055
492,0,-4.236047257691872
493,0,-3.5499300893680097
494,0,-5.144626530891552
495,0,-3.7040662088893344
496,0,-4.877920866389359
497,0,-4.401855565104992
498,0,-5.542163791684517
499,0,-2.008623705498981
500,0,-3.9169885118477525
501,0,-2.60769752551918
502,0,-4.094423974402222
503,0,-3.584160348927383
504,0,-5.003070624892709
505,0,-3.1741625035175147
506,0,-4.679458703500748
507,0,-3.2737656145128398
508,0,-2.549083271244651
509,0,-4.362459168515523
510,0,-3.2916189844058
511,0,-3.9467362326541675
512,0,-2.480067906745597
513,0,-4.0543415742811515
514,0,-5.5584164665747675
515,0,-4.190332132306521
516,0,-4.930645065388804
517,0,-4.175985992981723
518,0,-4.861921037387753
519,0,-3.380108256766364
520,0,-3.858032523568158
521,0,-3.427550169446861
522,0,-4.264120125504329
523,0,-5.019726824818713
524,0,-3.0345334272615023
525,0,-4.356031091054388
526,0,-4.389311661729599
527,0,-3.810106660341991
528,0,-2.663321418726744
529,0,-4.808294377085042
530,0,-4.694558348230171
531,0,-2.064641373000425
532,0,-5.165698976599568
533,0,-2.5354641359177226
534,0,-3.5160184983123184
535,0,-2.46451174672875
536,0,-4.999187350105069
537,0,-5.213855165702274
538,0,-2.9142037485568286
539,0,-4.756759437517829
540,0,-0.04848959619527449
541,0,-4.136826502532296
542,0,-4.356710464592593
543,0,-4.291972615076338
544,0,-2.476007999057928
545,0,-5.118022372510336
546,0,-5.881465471124634
547,0,-3.135041003000162
548,0,-4.427998798512666
549,0,-5.310417931684165
550,0,-4.010044101567457
551,0,-3.4246320337092473
552,0,-4.141683765263688
553,0,-4.357570822591995
554,0,-5.721845321615934
555,0,-4.115233897252455
556,0,-5.931696227617989
557,0,-3.6357633749057348
558,0,-3.3811288204170804
559,0,-3.827081789189191
560,0,-4.2291794758159975
561,0,-4.8759829689581435
562,0,-2.999569530430909
563,0,-5.5910633699912
564,0,0.6173847612426471
565,0,-4.128790911407784
566,0,-1.814962271985697
567,0,-3.4622868614767213
568,0,-4.67507175367624
569,0,-2.8511900941324084
570,0,-3.219560117486702
571,0,-2.2910296736778175
572,0,-3.653763188340835
573,0,-4.22331462451298
574,0,-5.134208627455602
575,0,-4.3108598515903385
576,0,-5.034239802870072
577,0,-3.625532633753865
578,0,-5.362160723653789
579,0,-2.698989000260749
580,0,-2.130931533962499
581,0,-4.850058021870443
582,0,-4.139972750844943
583,0,-3.6851464340113846
584,0,-3.004015660060248
585,0,-2.6703541987167845
586,0,-3.8140182379028844
587,0,-4.814343060970131
588,0,-6.945489548023831
589,0,-3.230714937746166
590,0,-3.380838571941974
591,0,-1.6033186456810027
592,0,-2.618989890526457
593,0,-4.899314032850205
594,0,-4.128198112295718
595,0,-2.9775861742053564
596,0,-1.9616085265792345
597,0,-4.1393163884241035
598,0,-4.912909860492176
599,0,-4.404598479642654
600,0,-4.818395777389033
601,0,-4.632688574104115
602,0,-3.2225159874923204
603,0,-2.1904944777645605
604,0,-3.6392285278934193
605,0,-3.437031307985422
606,0,-4.468430143376103
607,0,-3.877210809562123
608,0,-5.414007168865601
609,0,-4.130186896430892
610,0,-0.9197216158720214
611,0,-4.933923247632199
612,0,-3.823945701274376
613,0,-5.696642998286388
614,0,-4.569349855073568
615,0,-2.2705188228300743
616,0,-3.737459744564671
617,0,-3.484527506368197
618,0,-4.634487946588665
619,0,-4.418181750027707
620,0,-4.620268728859371
621,0,-2.248170356209186
622,0,-5.130830344139632
623,0,-3.844996132236508
624,0,-6.257608929526333
625,0,-2.038533822255519
626,0,-4.401626742743106
627,0,-3.198147751262522
628,0,-3.56742513255454
629,0,-3.1072513246241953
630,0,-3.2915221401197394
631,0,-2.465997805799987
632,0,-3.438286144746179
633,0,-3.7260670885104537
634,0,-2.991470871509689
635,0,-6.147137909252217
636,0,-4.527612846304144
637,0,-3.3486464198135377
638,0,-4.822135390682696
639,0,-2.651886862960832
640,0,-5.172908020183516
641,0,-2.648519693751295
642,0,-5.131617910915699
643,0,-5.149894267412021
644,0,-4.173540837186697
645,0,-4.950288821776206
646,0,-4.434579696278325
647,0,-3.971655126824421
648,0,-4.4971426456260515
649,0,-1.8122450983448828
650,0,-4.2728061478409485
651,0,-3.8854998450417373
652,0,-4.36028225537921
653,0,-2.4041512878518647
654,0,-3.194481609813746
655,0,-4.34877718248453
656,0,-3.8489473156160376
657,0,-2.9682343451679287
658,0,-4.262605699626328
659,0,-4.822763787775429
660,0,-4.079147585598795
661,0,-3.4936966024406026
662,0,-4.6222021042106185
663,0,-4.721040451062028
664,0,-3.2479710328392333
665,0,-4.522085904458886
666,0,-4.684749112629205
667,0,-4.174760293519642
668,0,-3.9032739164224943
669,0,-5.59340040974808
670,0,-3.8633664789261957
671,0,-3.5527227501258305
672,0,-4.174176872812238
673,0,-3.547331202659398
674,0,-4.229830436348344
675,0,-5.297864046698541
676,0,-3.3017144048742972
677,0,-2.103501005368795
678,0,-5.728707596791715
679,0,-3.5775614632234323
680,0,-4.369707752608106
681,0,-3.963958671476884
682,0,-4.672510892298295
683,0,-3.632016868325973
684,0,-2.705964225711257
685,0,-2.336289331989156
686,0,-6.623341060704389
687,0,-3.911601734106703
688,0,-3.603117266186718
689,0,-4.958585517708315
690,0,-7.690588792764878
691,0,-3.3481927816778336
692,0,-4.818898055564759
693,0,-1.4916574940664376
694,0,-2.532965067885942
695,0,-2.760234983206354
696,0,-4.9472945782051925
697,0,-3.773571760139977
698,0,-2.33211375174747
699,0,-2.6824476594248003
700,0,-3.4983442935521567
701,0,-7.376362065131271
702,0,-1.5745219388400664
703,0,-3.364938308731845
704,0,-5.1198787730944915
705,0,-3.8606301694805305
706,0,-4.147471224424579
707,0,-3.9968350011748157
708,0,-3.6605192704106377
709,0,-6.141064265166239
710,0,-3.1235348966327434
711,0,-4.517107304148185
712,0,-5.373860967669697
713,0,0.4616260382309214
714,0,-4.932750575334561
715,0,-3.4920744823524514
716,0,-4.4751780274174005
717,0,-6.448273854689047
718,0,-3.339774892546826
719,0,-6.007816751045468
720,0,-3.4317768017038697
721,0,-3.8909105931167445
722,0,-2.960987315300579
723,0,-6.234164864605074
724,0,-4.195203546566738
725,0,-7.009685829776718
726,0,-3.35181518587524
727,0,-2.67272635298682
728,0,-3.2889028461908882
729,0,-2.5993383189826904
730,0,-4.9863232734330944
731,0,-3.1995436298614734
732,0,-4.074608632214728
733,0,-4.767249998550253
734,0,-4.035487015338326
735,0,-3.889023673144501
736,0,-8.78107220238807
737,0,-3.541252372607049
738,0,-4.692392129505093
739,0,-3.3355421906512674
740,0,-5.078537181302628
741,0,-4.6989714393096484
742,0,-4.9762936440545396
743,0,-7.566826279748161
744,0,-3.95367286376287
745,0,-6.062739824958454
746,0,-4.203749200588658
747,0,-1.3692755569209147
748,0,-3.785623297107572
749,0,-2.5878282434594606
750,0,-2.1717856570372227
751,0,-4.5020737443509
752,0,-4.087007143895719
753,0,-3.2971019258163747
754,0,-2.9000508913058773
755,0,-4.557703465005959
756,0,-3.9068517119734167
757,0,-4.359065209394112
758,0,-3.951682798987592
759,0,-3.627309175719498
760,0,-3.331754538331927
761,0,-4.635678113681858
762,0,-4.452283144743663
763,0,-3.6184814391778604
764,0,-4.9112785941514066
765,0,-4.213507408569818
766,0,-4.571309670153264
767,0,-5.6695311918090425
768,0,-7.09065745273263
769,0,-2.473917514087822
770,0,-4.052781032161338
771,0,-4.722721735162306
772,0,-3.849174956559123
773,0,-2.9024958227974156
774,0,-4.401479295582863
775,0,-5.477284420393676
776,0,-2.8270044445098357
777,0,-4.504661430346918
778,0,-2.2348442003440265
779,0,-4.626149743058831
780,0,-4.233737031325695
781,0,-4.169843785421063
782,0,-4.882533038482454
783,0,-6.777341419888986
784,0,-3.742657948481126
785,0,-1.8644148544013994
786,0,-4.327474287355047
787,0,-4.505870650887913
788,0,0.9310884960077725
789,0,-2.9679697146855646
790,0,-4.003431972868396
791,0,-7.223929113236199
792,0,-4.883481867272801
793,0,-4.116706492218247
794,0,-3.737702386096887
795,0,-4.280455225320184
796,0,-3.136354528801879
797,0,-3.4448229196665117
798,0,-3.0534791451862002
799,0,-5.56076582578289
800,0,-2.467923207203561
801,0,-2.438187639065461
802,0,-4.9891378514545455
803,0,-3.8212638596584463
804,0,-3.610750475492284
805,0,-4.067581623251387
806,0,-2.7363703686120884
807,0,-3.1814378173268203
808,0,-5.008940960560757
809,0,-3.1064432089963696
810,0,-4.597438296386089
811,0,-5.9781017942250205
812,0,-3.8415825694218513
813,0,-2.5497766932133437
814,0,-4.794281867014595
815,0,-4.297665994035311
816,0,-4.37716935037217
817,0,-5.004852920868318
818,0,-2.7962571192066044
819,0,-2.9041747193219987
820,0,-1.3161472677238115
821,0,-3.808021424676375
822,0,-4.938091276627917
823,0,-2.1150502321768787
824,0,-2.4077675083895853
825,0,-7.6878328399664575
826,0,-6.016753268397808
827,0,-4.7428544846607785
828,0,-4.121487512473861
829,0,-6.058811496207664
830,0,-5.5116332113385695
831,0,-4.064711306769092
832,0,-2.4730924695968586
833,0,-5.709386449352889
834,0,-3.944153233241717
835,0,-3.8674967688626705
836,0,-2.706700477813931
837,0,-3.66743028714358
838,0,-2.360685880319788
839,0,-3.9333550636596915
840,0,-1.8473513555570742
841,0,-3.2929582295757833
842,0,-3.405107916906867
843,0,-5.274403158437046
844,0,-3.8653210629299943
845,0,-3.8829440993934226
846,0,-3.438493509943048
847,0,-4.810566513496002
848,0,-3.8935002276184716
849,0,-3.730795706951032
850,0,-3.933833539236102
851,0,-4.839663961896757
852,0,-3.653975818623662
853,0,-3.278758466580812
854,0,-4.269275113073134
855,0,-5.361767480982417
856,0,-4.548174874369697
857,0,-5.859237729149493
858,0,-3.1190451797897656
859,0,-3.298344446393926
860,0,-3.57282435929051
861,0,-5.203996610981932
862,0,-5.374168310702545
863,0,-3.74132719131834
864,0,-2.8426352383679045
865,0,-3.9861211061862214
866,0,-4.481136790708859
867,0,-4.452334468545095
868,0,-3.444306155754287
869,0,-4.322180163180142
870,0,-6.062577683485337
871,0,-6.367460364179879
872,0,-4.019177719305089
873,0,-5.950893810996165
874,0,-3.7905858775975063
875,0,-2.833079393246697
876,0,-4.420287710193305
877,0,-1.2551385037687548
878,0,-4.015079972842712
879,0,-2.9411782795656145
880,0,-2.819707711960659
881,0,-3.275350574211024
882,0,-3.3544296990099878
883,0,-3.567036065046369
884,0,-3.0450373989147765
885,0,-3.692622970959956
886,0,-3.302036020147413
887,0,-1.6062410672517906
888,0,-2.6307832288721213
889,0,-6.29813286728938
890,0,-4.464639195452094
891,0,-2.063172204025965
892,0,-4.206828131043175
893,0,-4.738218455239391
894,0,-4.588110931728663
895,0,-2.839590878847506
896,0,-2.796496176150331
897,0,-2.0239283110941817
898,0,-4.905731127817735
899,0,-4.661716245157131
900,0,-4.116363973101692
901,0,-4.745088372172198
902,0,-4.419562408911747
903,0,-4.337290695936352
904,0,-3.4276103080174933
905,0,-4.097801910542073
906,0,-3.1731633749943438
907,0,-2.732387648420808
908,0,-4.517679572374177
909,0,-3.5548226341728353
910,0,-4.93385210446892
911,0,-3.2742595344364185
912,0,-4.629185252300249
913,0,-5.663622258273012
914,0,-4.072171241682346
915,0,-3.8442529579905727
916,0,-4.583732805135152
917,0,-4.426963585328557
918,0,-6.045303544934519
919,0,-2.722534569923362
920,0,-2.271315499393558
921,0,-3.3783024206799945
922,0,-4.7851799367612085
923,0,-2.8485152515920875
924,0,-1.6971806497550337
925,0,-5.091477050488078
926,0,-4.593005071815343
927,0,-3.996934072981614
928,0,-6.3939845435773845
929,0,-3.5837474467183674
930,0,-2.6984707994721107
931,0,-4.720143883285297
932,0,-3.938266960669022
933,0,-4.472257437638367
934,0,-8.250800196342425
935,0,-3.6117229949309295
936,0,-4.898544809820238
937,0,-4.42820947977967
938,0,-2.7491213523347238
939,0,-2.552314977906666
940,0,-3.940039450522805
941,0,-4.205369139426126
942,0,-3.680158623138676
943,0,-3.5596315464354964
944,0,-2.7049680332450197
945,0,-4.211571270527571
946,0,-3.7101088860667244
947,0,-4.675813811272604
948,0,-5.783935745010644
949,0,-4.208003455685368
950,0,-3.1110268114309427
951,0,-4.583691635597893
952,0,-3.9934744384386853
953,0,-5.49761102802871
954,0,-4.739285070593391
955,0,-3.572969646605255
956,0,-5.072905419427511
957,0,-2.9053152552011525
958,0,-4.6045693853586185
959,0,-3.2306009908336812
960,0,-2.3227128908923222
961,0,-5.376388714200368
962,0,-4.083162389003411
963,0,-3.993627985200582
964,0,-5.100604551905902
965,0,-3.5694062252436023
966,0,-5.287707308012256
967,0,-3.851499933681797
968,0,-4.9757039936124094
969,0,-2.6608120232290364
970,0,-3.4699412093168798
971,0,-4.213009968039353
972,0,-3.9907499486681837
973,0,-4.268042371380864
974,0,-2.129268138062164
975,0,-4.961660286531187
976,0,-6.253282521049446
977,0,-2.156434167672934
978,0,-1.6944769169930471
979,0,-4.22113279278463
980,0,-4.132862696072086
981,0,-3.919529026139277
982,0,-3.9262507846003936
983,0,-2.252851134009543
984,0,-4.232261603819923
985,0,-3.2541977485431026
986,0,-3.6488134720772782
987,0,-5.015286544952017
988,0,-2.7804823616379184
989,0,-4.074983226657202
990,0,-3.229250492077257
991,0,-3.8338979941463327
992,0,-3.0912912930805865
993,0,-5.341952366274083
994,0,-2.870528461441627
995,0,-4.886166689969734
996,0,-4.2894544572986
997,0,-3.8158866920120063
998,0,-3.471071583075338
999,0,-4.4531706825559745
1000,1,-3.289062565535528
1001,1,-3.74376249036618
1002,1,-4.522297994084877
1003,1,-6.453218062512842
1004,1,-2.782919210553218
1005,1,-1.9979398886434838
1006,1,-3.9256686453068763
1007,1,-2.386925381600019
1008,1,-1.455298864263368
1009,1,-5.334397832957278
1010,2,4.471814679756656
1011,2,5.090241021259764
1012,2,5.149136601714381
1013,2,4.951151709084648
1014,2,4.450052468073541
1015,2,4.930752660725591
1016,2,4.4204931274074175
1017,2,4.4682395225151925
1018,2,4.3013557087274705
1019,2,4.075449048470263
1020,2,4.732012919875822
1021,2,5.074008338764137
1022,2,5.4622562645922805
1023,2,4.310234772473816
1024,2,4.629718836189167
1025,2,6.30262679645984
1026,2,5.660725826544436
1027,2,4.681562493859743
1028,2,5.080633038554871
1029,2,4.132247088297645
1030,2,4.102969560917623
1031,2,4.3385931592550175
1032,2,4.284277531127509
1033,2,5.388397263940835
1034,2,4.385652742012392
1035,2,3.9568387426574283
1036,2,4.757180285189627
1037,2,3.526208314891549
1038,2,4.400495372643287
1039,2,4.548790220762049
1040,2,5.067249123681647
1041,2,6.3702831624119
1042,2,4.501666606149894
1043,2,5.190279345268947
1044,2,4.574789777078051
1045,2,4.7592977605034505
1046,2,4.582165748392208
1047,2,3.993269355146695
1048,2,4.586496417666238
1049,2,3.835967764202515
1050,2,4.554249062836622
1051,2,4.746064086076964
1052,2,4.637871480517972
1053,2,4.046108524044051
1054,2,5.07046662034997
1055,2,3.8608675078516224
1056,2,3.6130765076592657
1057,2,4.410304671131125
1058,2,3.711248031494431
1059,2,3.816484167882658
1060,2,5.622316459931685
1061,2,4.675358257273712
1062,2,4.379137697867622
1063,2,4.56442784215808
1064,2,4.408674747976368
1065,2,4.975459604618765
1066,2,5.095485675202866
1067,2,4.637241381948309
1068,2,4.224331388062545
1069,2,4.620706545374211
1070,2,4.489242572167991
1071,2,4.3861749687820195
1072,2,5.324035596165997
1073,2,3.979735475853852
1074,2,5.143857057080024
1075,2,4.84703702329508
1076,2,4.097912394140933
1077,2,5.25667499259562
1078,2,4.628365444614073
1079,2,4.279896359457089
1080,2,4.89261592744731
1081,2,4.651757020941022
1082,2,4.066904004931026
1083,2,4.589022217688912
1084,2,3.9088537365861793
1085,2,6.2247713833123015
1086,2,4.507967472405987
1087,2,4.334624736444884
1088,2,4.479155173682677
1089,2,3.8720713994785094
1090,2,3.994077485956563
1091,2,4.9030199594633554
1092,2,5.929987266392755
1093,2,4.296944149862621
1094,2,4.767732346765628
1095,2,4.401889876032763
1096,2,4.247079455767516
1097,2,5.089059016728039
1098,2,4.523607116635765
1099,2,4.275140853580197
1100,2,4.794423013491346
1101,2,4.166708424894666
1102,2,4.177272650234305
1103,2,4.1883252754309845
1104,2,6.793487312832463
1105,2,4.526216103507514
1106,2,3.99501435458504
1107,2,6.454840420762208
1108,2,5.332224638914931
1109,2,3.934879035982613
1110,2,4.540584300510884
1111,2,5.164752221168742
1112,2,5.339281502573465
1113,2,4.843104200084032
1114,2,4.0578634347656495
1115,2,4.960296583555595
1116,2,4.569676613472231
1117,2,4.79998762475077
1118,2,3.7377208192875035
1119,2,4.862127083057578
1120,2,4.457800368651666
1121,2,5.802560991221372
1122,2,4.142827907333226
1123,2,4.347955375187584
1124,2,5.167023250126155
1125,2,4.653743871887711
1126,2,4.744012294481549
1127,2,4.574791136316328
1128,2,4.398686036834077
1129,2,4.671510617068848
1130,2,4.390672597765634
1131,2,3.9606092326439826
1132,2,4.868062472913629
1133,2,4.767443285582483
1134,2,5.829937355987488
1135,2,5.566245877680615
1136,2,4.418786592641611
1137,2,4.3322754506555
1138,2,4.112524015097405
1139,2,6.542202646900493
1140,2,5.243711245488008
1141,2,5.2950701342515
1142,2,5.796717708484445
1143,2,4.9823362330311864
1144,2,6.538385256570664
1145,2,4.7566001581831125
1146,2,6.319361797598988
1147,2,5.209445051773313
1148,2,6.176626028063117
1149,2,4.589495963052264
1150,2,4.75510778776585
1151,2,5.416120282531159
1152,2,3.932988780443976
1153,2,4.98104370010715
1154,2,4.685247452591889
1155,2,5.1870075426614415
1156,2,5.441940324255621
1157,2,5.886848131894501
1158,2,4.198733266996371
1159,2,4.494288921238314
1160,2,3.792354955418166
1161,2,4.964836325029189
1162,2,5.462567774678051
1163,2,4.256236192748669
1164,2,4.436674543896913
1165,2,4.652913584022995
1166,2,5.224006313586418
1167,2,4.380356904848428
1168,2,4.303789725046308
1169,2,4.712262119774257
1170,2,5.438621095010523
1171,2,5.276258639396723
1172,2,4.170065653156807
1173,2,6.2427518084876645
1174,2,4.088437548344867
1175,2,4.221861952674089
1176,2,4.958677981707355
1177,2,5.052298770027328
1178,2,6.036666860223756
1179,2,5.212028417752759
1180,2,4.970687233433917
1181,2,4.700629900433306
1182,2,4.697116737359481
1183,2,4.399606046788865
1184,2,3.9859588095364704
1185,2,4.261274020715301
1186,2,5.015759223530175
1187,2,4.379242643848695
1188,2,5.1369736217783055
1189,2,3.764442523484919
1190,2,5.088993289846365
1191,2,4.5720338473837785
1192,2,5.520938138490975
1193,2,4.640796313530316
1194,2,5.71922124198495
1195,2,3.768856394122245
1196,2,4.200605657940075
1197,2,4.049824519576015
1198,2,4.210435285593925
1199,2,5.131645990521726
1200,2,4.43329364693711
1201,2,5.372686097625815
1202,2,5.986216631486363
1203,2,4.487042236136155
1204,2,5.575890865351136
1205,2,4.991914248813043
1206,2,5.219105523253602
1207,2,4.500349264150921
1208,2,5.293463050144279
1209,2,3.750797675081905
1210,2,4.028901578468786
1211,2,5.08275901285512
1212,2,4.382351255547439
1213,2,5.054663202480727
1214,2,5.152292643366638
1215,2,4.370458304334981
1216,2,5.253043843524583
1217,2,4.665749304654824
1218,2,4.274310442021103
1219,2,4.901851036060661
1220,2,3.8567539562451176
1221,2,5.363925239908354
1222,2,4.6119007663888585
1223,2,4.627117815874842
1224,2,3.878617311258153
1225,2,4.057657245647062
1226,2,3.9294737384516365
1227,2,5.007636280119255
1228,2,4.565399429756542
1229,2,5.038554893894769
1230,2,4.5319350326626395
1231,2,4.363322023153847
1232,2,3.672632908064817
1233,2,4.191825490422385
1234,2,5.538617293214527
1235,2,4.9542362293141515
1236,2,4.17393535817884
1237,2,3.6679356673510117
1238,2,4.781975946073352
1239,2,4.340098701215345
1240,2,4.37162770491596
1241,2,4.41488221726365
1242,2,4.104705845716329
1243,2,6.087742552835966
1244,2,5.264154532171397
1245,2,4.423918709177606
1246,2,4.023584623954082
1247,2,4.555607945015321
1248,2,3.973209763203186
1249,2,4.070643492747242
1250,2,4.290046195456094
1251,2,4.039282449584743
1252,2,4.634255530806989
1253,2,4.432553988447163
1254,2,4.469338870116316
1255,2,4.41555400162086
1256,2,4.17103947343107
1257,2,4.030928112245304
1258,2,4.43524491505966
1259,2,5.39402226556692
1260,2,6.555316033249497
1261,2,6.299153118435754
1262,2,5.224697038056658
1263,2,4.503158654005951
1264,2,5.405350667515343
1265,2,4.2763307414380956
1266,2,5.000450487388338
1267,2,4.41200932763014
1268,2,4.795808820325639
1269,2,4.066516743192397
1270,2,3.990547054298586
1271,2,4.508191814101226
1272,2,4.500666513021127
1273,2,3.9334503547891018
1274,2,5.454742168585701
1275,2,3.653658192444637
1276,2,3.6409137173168995
1277,2,4.806444419788823
1278,2,3.8799678363441172
1279,2,5.89434106594744
1280,2,5.87378415938835
1281,2,3.9465992112194885
1282,2,4.0406380997353475
1283,2,5.590634693486978
1284,2,6.244341848481257
1285,2,3.9077644731833834
1286,2,5.668208309156368
1287,2,6.2762665419899
1288,2,4.677929955115443
1289,2,4.177564879607477
1290,2,3.851428146500823
1291,2,4.343646411737129
1292,2,4.859053248320395
1293,2,4.127952525018117
1294,2,5.429733018635274
1295,2,5.724069291131615
1296,2,5.932634628887781
1297,2,4.393564755103212
1298,2,5.53514193149555
1299,2,4.310392815046355
1300,2,4.526206187888452
1301,2,3.8482741964119143
1302,2,4.498154031435851
1303,2,4.407465662676166
1304,2,4.33402127261031
1305,2,4.6689464547846695
1306,2,4.448626100466249
1307,2,4.926297300429981
1308,2,5.115954901998657
1309,2,5.575490031051563
1310,2,4.801838696238189
1311,2,5.830074322818776
1312,2,4.0900115705874756
1313,2,3.8180669153547617
1314,2,5.58958924471754
1315,2,4.665054016725698
1316,2,4.152054375428842
1317,2,5.389988756900415
1318,2,4.564423227015213
1319,2,6.4912985476862195
1320,2,6.250932473893994
1321,2,4.9133158355165
1322,2,5.088888833977996
1323,2,4.938387605562006
1324,2,5.856560382386988
1325,2,4.101696061526957
1326,2,4.262235147491323
1327,2,4.379795670863762
1328,2,4.0688332800444735
1329,2,3.9798572208838587
1330,2,4.284327316514961
1331,2,4.606646518969056
1332,2,4.271429393440785
1333,2,5.541089133001273
1334,2,4.2742724923437505
1335,2,5.350244069221354
1336,2,4.7031948632270355
1337,2,4.451189192968645
1338,2,4.60866341200302
1339,2,5.010253114717567
1340,2,4.057243689254756
1341,2,4.542571988365394
1342,2,4.303788091735362
1343,2,3.9147364136053984
1344,2,4.406347729826668
1345,2,4.069760808921209
1346,2,4.862240281376562
1347,2,4.389765734573198
1348,2,4.524791151843831
1349,2,4.646014999355851
1350,2,5.008291131258181
1351,2,4.665456262177559
1352,2,4.497842428224496
1353,2,5.322102648226952
1354,2,4.240836576451464
1355,2,4.984506750050813
1356,2,4.205512647188408
1357,2,5.417206352375642
1358,2,4.731939212813838
1359,2,4.658340446770513
1360,2,4.301109671739913
1361,2,4.386347773447551
1362,2,4.001158761068875
1363,2,5.1117679081814344
1364,2,4.648283325273024
1365,2,4.291520239740379
1366,2,5.368963614469203
1367,2,3.721727434540849
1368,2,4.370151802799583
1369,2,5.797480720654365
1370,2,5.750382650788178
1371,2,4.198702076099309
1372,2,4.604066685450046
1373,2,4.704722549634111
1374,2,4.380572448112995
1375,2,4.973353383538139
1376,2,4.911042688163363
1377,2,5.0543456756991425
1378,2,4.366777226782853
1379,2,4.2157573336284315
1380,2,4.7404192962920435
1381,2,6.10063268873652
1382,2,5.088876392325349
1383,2,5.098053049979261
1384,2,6.81660459063874
1385,2,6.399866335649259
1386,2,4.789203663697402
1387,2,4.992029163637762
1388,2,5.027589247263354
1389,2,5.363472973300873
1390,2,4.9821194749219035
1391,2,4.266347986127488
1392,2,5.4382317571901915
1393,2,4.8766102089548085
1394,2,3.715258724024526
1395,2,5.707225722558053
1396,2,5.4425510626353475
1397,2,4.031468700884205
1398,2,4.26470321357163
1399,2,3.841875441640812
1400,2,4.992990539447328
1401,2,5.077846800990621
1402,2,4.428801038050321
1403,2,5.374139551072961
1404,2,4.437347151289613
1405,2,4.818965036407581
1406,2,5.029951825668991
1407,2,5.103310136206256
1408,2,4.508117444254045
1409,2,5.723956596265894
1410,2,5.742305032562633
1411,2,4.4396353984140084
1412,2,4.948573992991749
1413,2,4.901696937248807
1414,2,4.256502474435767
1415,2,6.409502940832235
1416,2,5.861596239078221
1417,2,4.158445120195514
1418,2,4.9124587093932
1419,2,4.408815192059064
1420,2,5.583374753217034
1421,2,4.54168562975274
1422,2,5.0667919312710605
1423,2,4.7761240009597286
1424,2,5.079138649912889
1425,2,4.1535371202049385
1426,2,4.077378139156795
1427,2,5.3011293949621425
1428,2,4.79406772330702
1429,2,4.949028414725562
1430,2,4.701701356610614
1431,2,4.316625166175092
1432,2,4.606276419086473
1433,2,4.539356743728796
1434,2,4.428631728144563
1435,2,4.564628977297394
1436,2,4.353554662442742
1437,2,3.6782088870757756
1438,2,4.890525646030504
1439,2,4.274905562598744
1440,2,4.482329857804308
1441,2,5.150954254205956
1442,2,4.26652853220109
1443,2,5.5451935723453705
1444,2,4.633478474322673
1445,2,5.626067923362362
1446,2,4.138160857786855
1447,2,4.821554753977236
1448,2,5.595377760465287
1449,2,4.544886224676796
1450,2,4.429479245761384
1451,2,6.060857896466265
1452,2,4.080309401113717
1453,2,4.087155109443062
1454,2,5.018647983355782
1455,2,4.91665671995801
1456,2,5.0672085658095884
1457,2,4.284651925649302
1458,2,4.632558878327834
1459,2,4.790312983637877
1460,2,3.6488930668428945
1461,2,4.3654218282122255
1462,2,3.794588093218598
1463,2,4.094700013764055
1464,2,4.093753276634142
1465,2,5.453080095105638
1466,2,6.533022386724896
1467,2,5.171058360712944
1468,2,4.245845039475985
1469,2,4.124001342296813
1470,2,5.545441664669124
1471,2,4.239579057244623
1472,2,4.871835297436031
1473,2,5.364162412005522
1474,2,5.203806684131756
1475,2,3.706475891553712
1476,2,4.4089407862348855
1477,2,5.204709571561424
1478,2,4.857717840938008
1479,2,5.5308414961096
1480,2,3.871513924891304
1481,2,4.667755603446061
1482,2,4.754108652812532
1483,2,4.290915436409734
1484,2,4.624901548041589
1485,2,4.76950391278638
1486,2,4.667873164333407
1487,2,4.4158605439100596
1488,2,5.561963512230024
1489,2,5.16933388281279
1490,2,4.309095026509628
1491,2,6.2179722324206
1492,2,5.73119045894777
1493,2,5.39259855813028
1494,2,5.41884965649793
1495,2,4.2221578320369755
1496,2,4.814581827435099
1497,2,5.323616907061377
1498,2,4.2663456366348
1499,2,3.5659678188021156
1500,2,4.850693256585101
1501,2,6.665043947120026
1502,2,5.493211192442897
1503,2,3.7944279787043467
1504,2,4.214094358548296
1505,2,4.200374058124538
1506,2,4.757471368269232
1507,2,4.09128328328205
1508,2,4.312430667200364
1509,2,5.69360142661712
1510,2,3.6748541694102084
1511,2,4.690964867347191
1512,2,5.282303308031435
1513,2,4.225442252135275
1514,2,3.676601566346603
1515,2,4.434998070090889
1516,2,5.124574989795867
1517,2,4.869955195604829
1518,2,4.324039786904292
1519,2,5.087047830124182
1520,2,5.0833445206682235
1521,2,3.8840931831805747
1522,2,4.635073854241874
1523,2,4.2537939242585585
1524,2,5.308466084210526
1525,2,4.41272216438702
1526,2,4.5865692947365675
1527,2,4.305172772272447
1528,2,5.214259420185666
1529,2,5.326337564187659
1530,2,3.8630434711517094
1531,2,4.061119621270732
1532,2,4.838541415993398
1533,2,4.967091076916106
1534,2,4.151146472051485
1535,2,4.853789959469561
1536,2,4.999837807058142
1537,2,4.447047237872837
1538,2,3.536937605043362
1539,2,4.8611999669295844
1540,2,4.652871329802161
1541,2,5.169441692997468
1542,2,5.842521242153278
1543,2,3.8684348695312565
1544,2,3.7526202272235007
1545,2,4.8321500174985434
1546,2,5.713800466447129
1547,2,3.964288441857599
1548,2,5.13086814717801
1549,2,4.4376306441506275
1550,2,4.18014780347237
1551,2,3.516867047719629
1552,2,4.010686517220721
1553,2,4.034921193048002
1554,2,4.225275537574054
1555,2,6.011348940814701
1556,2,5.253687401303286
1557,2,5.448330405297534
1558,2,4.663852455233598
1559,2,6.070268924729242
1560,2,4.163133410334664
1561,2,5.5241292615687945
1562,2,4.969785952247375
1563,2,3.798493270607665
1564,2,4.045285822480569
1565,2,4.719468560626977
1566,2,4.425304687382798
1567,2,5.746667450529173
1568,2,4.071448066494879
1569,2,5.005536759913944
1570,2,5.959561265419879
1571,2,5.115859987627717
1572,2,4.4266251739492795
1573,2,4.785823687939807
1574,2,5.85858071054559
1575,2,4.359346825891564
1576,2,4.062494076519415
1577,2,4.448024392032467
1578,2,4.539473218948377
1579,2,4.466179399549624
1580,2,5.552130419577916
1581,2,5.254748534439274
1582,2,5.185832998559806
1583,2,5.754331060357098
1584,2,3.9197775812657234
1585,2,5.043756727340805
1586,2,4.582399612064577
1587,2,4.656882428526747
1588,2,4.334679506579212
1589,2,4.5305240079236055
1590,2,4.301965852263724
1591,2,4.347050519978859
1592,2,5.274855394114391
1593,2,5.532868695530659
1594,2,6.035525365099312
1595,2,3.614928459455646
1596,2,4.583169175022887
1597,2,4.5434763423800435
1598,2,4.038396790308544
1599,2,4.156555122797542
1600,2,5.794190197633748
1601,2,4.273364917453244
1602,2,4.340289303321764
1603,2,4.484362223492453
1604,2,3.82357556450212
1605,2,4.277037310266605
1606,2,5.227440669551051
1607,2,4.940004259738262
1608,2,5.636774977012097
1609,2,5.276153306981549
1610,2,5.429655920669815
1611,2,5.5205735832245315
1612,2,4.702992844872222
1613,2,4.987716954373761
1614,2,4.554981137778801
1615,2,5.151221431903323
1616,2,5.005937304534832
1617,2,6.4645336767262815
1618,2,3.9328784605634435
1619,2,5.154161694518866
1620,2,4.345108787038891
1621,2,4.0403119486775845
1622,2,5.403583677666337
1623,2,4.452167275044036
1624,2,4.344155075900781
1625,2,4.514115073488636
1626,2,4.065173565427277
1627,2,5.084115898941721
1628,2,4.652550284832623
1629,2,4.457801503787452
1630,2,4.508773177155266
1631,2,5.749056278911159
1632,2,4.938522844374826
1633,2,4.2011705165013
1634,2,5.806094794151084
1635,2,4.828264865861302
1636,2,4.801543011266265
1637,2,4.785132523584146
1638,2,4.813197621125148
1639,2,5.6563729863896555
1640,2,4.5637963744619
1641,2,4.471980594841683
1642,2,4.55608453256854
1643,2,3.760635465382961
1644,2,4.714481154143539
1645,2,4.062837047886244
1646,2,3.972240458906651
1647,2,4.131132096127645
1648,2,4.017658942909825
1649,2,4.629474175085644
1650,2,4.20055433116844
1651,2,4.2099043618911285
1652,2,4.563761674958107
1653,2,4.851064592396451
1654,2,4.610118729671085
1655,2,5.336183780110606
1656,2,6.686408416556727
1657,2,5.331337510718198
1658,2,4.319456800632366
1659,2,5.137401377163714
1660,2,4.6806219755891085
1661,2,4.384725688805629
1662,2,4.862269413650631
1663,2,4.796152694339657
1664,2,5.179223850691534
1665,2,4.088072720783566
1666,2,4.734146057166381
1667,2,4.673931784529684
1668,2,4.983099511162434
1669,2,6.15309620028243
1670,2,6.371613588878613
1671,2,4.772990787411921
1672,2,4.823831284468595
1673,2,4.143610989633434
1674,2,4.056249934030775
1675,2,4.004053353983463
1676,2,4.664277894862366
1677,2,5.978959719094304
1678,2,5.593632429716801
1679,2,4.255675168161111
1680,2,4.572489743100377
1681,2,5.646594246733517
1682,2,4.992287200930081
1683,2,4.852240382239048
1684,2,4.997639829173302
1685,2,4.296450537200079
1686,2,4.513588501963811
1687,2,5.647714896702083
1688,2,4.196292081713237
1689,2,4.204250630429637
1690,2,4.1952337450989186
1691,2,5.16434653398403
1692,2,4.055420246020397
1693,2,4.471499920152479
1694,2,4.107379853651942
1695,2,5.663949936575515
1696,2,4.151569964986073
1697,2,4.179755282318954
1698,2,4.129890594623975
1699,2,4.027802568024189
1700,2,4.553435410563955
1701,2,5.664103319660828
1702,2,4.114848281679667
1703,2,4.457923466606254
1704,2,5.259455790994444
1705,2,4.467454434376352
1706,2,4.1102807743188885
1707,2,5.692101597258387
1708,2,4.511080077312751
1709,2,4.095983372333947
1710,2,4.892974810885325
1711,2,4.89943328753807
1712,2,4.353600772823768
1713,2,4.27581498222941
1714,2,4.80258306650383
1715,2,4.453522707465781
1716,2,3.948649652009776
1717,2,4.615915630912946
1718,2,4.463222820037401
1719,2,4.388306249791747
1720,2,3.7908650426211388
1721,2,4.317746863772387
1722,2,3.952849939253567
1723,2,5.635218514439726
1724,2,4.599912970406732
1725,2,5.3458293512167545
1726,2,4.703500874568614
1727,2,4.003659479223862
1728,2,5.401273388000449
1729,2,6.416880922908641
1730,2,4.579338165710918
1731,2,5.108351462624657
1732,2,5.511405175822567
1733,2,4.0567347706182
1734,2,4.51489471613918
1735,2,5.392422175160645
1736,2,4.868054812146476
1737,2,5.581694495311046
1738,2,5.548186862130947
1739,2,5.155098828340339
1740,2,4.424432544679434
1741,2,4.987930128371338
1742,2,4.575707432151303
1743,2,4.8814993831689275
1744,2,5.123622656642406
1745,2,4.921097087428896
1746,2,4.074005779522738
1747,2,3.7860286199193283
1748,2,5.163305893444447
1749,2,5.734967118930326
1750,2,4.517253274038231
1751,2,5.47937324762596
1752,2,4.588692146011902
1753,2,4.772253236686549
1754,2,4.788870261231105
1755,2,4.905941872677143
1756,2,4.675605745466028
1757,2,4.762331185258981
1758,2,4.8990274952256465
1759,2,4.08474891039546
1760,2,4.73788253829159
1761,2,4.120793051465578
1762,2,4.374776485548428
1763,2,5.734907720014116
1764,2,4.733955722668638
1765,2,4.294254484613809
1766,2,4.9544433498279155
1767,2,5.7844072335169
1768,2,5.262137912773078
1769,2,4.775586780795144
1770,2,4.452325090629834
1771,2,7.377706056565994
1772,2,4.071094300935422
1773,2,6.299274879415183
1774,2,4.845998884553342
1775,2,5.8738373366030485
1776,2,5.185206436231104
1777,2,4.195396422557071
1778,2,4.3418631819484
1779,2,4.503420392264236
1780,2,5.559028206104202
1781,2,5.750423883855042
1782,2,3.9477197477252592
1783,2,4.332354781458397
1784,2,4.979808832879591
1785,2,4.551414790405884
1786,2,4.455418244945798
1787,2,4.177797202690413
1788,2,3.9743441088601603
1789,2,4.379617601165827
1790,2,4.640947741284248
1791,2,4.50506378297774
1792,2,6.492739528006227
1793,2,5.257158480721838
1794,2,5.358096437830264
1795,2,4.551457574988871
1796,2,5.8059926149093615
1797,2,4.593039457928704
1798,2,5.053579235776592
1799,2,4.988621873212033
1800,2,5.398716154856994
1801,2,4.809056320573156
1802,2,5.381249294869731
1803,2,5.3099784844029045
1804,2,4.302579832781303
1805,2,3.9276170745521664
1806,2,5.456877462587486
1807,2,5.392470563417321
1808,2,5.450982741027448
1809,2,4.526824097408832
1810,2,6.055171037589923
1811,2,4.846480322959065
1812,2,6.14105086086296
1813,2,4.225878426956302
1814,2,6.043943069364899
1815,2,4.926397143365188
1816,2,5.031997313327184
1817,2,4.954985506217362
1818,2,3.850671648877898
1819,2,4.015382405648428
1820,2,4.9986339368981065
1821,2,4.068085511800954
1822,2,4.045040384144476
1823,2,4.386874709363109
1824,2,3.89261293996746
1825,2,4.327198899125059
1826,2,5.867637069429205
1827,2,4.7227974142523275
1828,2,5.270903072191457
1829,2,4.671464493649744
1830,2,4.325455742088525
1831,2,4.650937284461371
1832,2,4.389331334401534
1833,2,4.876987735620419
1834,2,5.863488128493776
1835,2,4.357423368916956
1836,2,6.752273757656148
1837,2,5.338547243530753
1838,2,6.092499430856847
1839,2,4.923329554174534
1840,2,4.908292929802748
1841,2,4.352308308249572
1842,2,3.7407462811332843
1843,2,4.746177811169003
1844,2,4.836119912833273
1845,2,4.055534139705193
1846,2,4.762939221077639
1847,2,4.452771033303549
1848,2,3.984832212313676
1849,2,4.5380989839709684
1850,2,4.813434441691468
1851,2,4.331520183527741
1852,2,5.612337085034812
1853,2,4.412682436215173
1854,2,5.660156636166638
1855,2,3.9451972857214983
1856,2,4.846823920331383
1857,2,4.578934981923532
1858,2,4.437909478783469
1859,2,4.9231035730109225
1860,2,4.323260829346732
1861,2,5.286143372996614
1862,2,4.430292471594293
1863,2,5.515331120504868
1864,2,4.3698054692402355
1865,2,4.414047364715892
1866,2,5.573628249124667
1867,2,4.352908862389566
1868,2,4.900773384839893
1869,2,4.5784962466711905
1870,2,3.873528096225021
1871,2,4.477827843280317
1872,2,4.333706916643321
1873,2,6.1619655150015955
1874,2,5.534588320867168
1875,2,3.788663888354011
1876,2,5.161217358953747
1877,2,4.906754857477558
1878,2,4.327127535583827
1879,2,3.6460245874265214
1880,2,5.816488858097169
1881,2,5.023557962058014
1882,2,4.279966404976155
1883,2,4.156260062634743
1884,2,5.2310191835063575
1885,2,4.131310051136779
1886,2,5.023408712748516
1887,2,4.530064297573225
1888,2,4.1639773942537275
1889,2,6.2066300505376555
1890,2,4.168855998609869
1891,2,4.9442708875427055
1892,2,4.477950877217289
1893,2,5.348450653183166
1894,2,4.481737721573291
1895,2,5.411405940212115
1896,2,5.758757214536261
1897,2,4.438598194519358
1898,2,4.4751619004516545
1899,2,4.565323396783097
1900,2,5.301707626544409
1901,2,5.009744905626247
1902,2,4.563417846828289
1903,2,5.6537614714994815
1904,2,4.553119379366384
1905,2,4.389302358549582
1906,2,5.151825577399735
1907,2,5.467779061113122
1908,2,4.937778301327258
1909,2,4.210798136628691
1910,2,4.399034339622515
1911,2,4.261476467041268
1912,2,5.286359980983732
1913,2,3.8109141442867767
1914,2,4.306113335570609
1915,2,4.589469821541548
1916,2,4.275225730325497
1917,2,4.624292033637897
1918,2,6.195293198088003
1919,2,4.70777788697842
1920,2,4.895363370228046
1921,2,4.008668284003301
1922,2,3.936259268562813
1923,2,4.27545062264526
1924,2,4.204768012492821
1925,2,4.105313397476473
1926,2,5.536616024938201
1927,2,4.575408445985866
1928,2,4.154127880551186
1929,2,4.551284792557987
1930,2,4.738342649317784
1931,2,5.056975841778089
1932,2,4.1072396339098685
1933,2,4.2626616711780585
1934,2,5.482709749202336
1935,2,5.132727462637275
1936,2,5.384166169526362
1937,2,4.111161918576093
1938,2,4.108630292144985
1939,2,5.284979108020648
1940,2,5.608966397909474
1941,2,5.774915807083065
1942,2,5.561938421697183
1943,2,4.1334508113047805
1944,2,3.995922977476469
1945,2,4.438832014452208
1946,2,5.789835334616189
1947,2,4.128161297095705
1948,2,4.152930449144037
1949,2,4.1050493816745295
1950,2,4.48349547010304
1951,2,4.044958681128098
1952,2,5.237315473850828
1953,2,4.140907250226874
1954,2,5.052208975357697
1955,2,3.594042539852739
1956,2,5.677137516754373
1957,2,4.600874055344492
1958,2,5.833158881448087
1959,2,7.105674940696341
1960,2,5.68928562223545
1961,2,6.45085102545565
1962,2,4.491131085374293
1963,2,5.774184415377821
1964,2,4.084906594472502
1965,2,5.075503710593622
1966,2,4.201487860154541
1967,2,4.344065391982913
1968,2,5.288313861279757
1969,2,4.041253349475877
1970,2,4.143106799281891
1971,2,4.754757841775792
1972,2,4.596228573657185
1973,2,4.490552886969308
1974,2,3.8269753514105176
1975,2,4.640453332817883
1976,2,3.8612560045596265
1977,2,5.180917534663546
1978,2,4.50766973515912
1979,2,4.595750002039604
1980,2,4.6183884020956825
1981,2,4.217346130015786
1982,2,5.020142622230447
1983,2,4.969475064096705
1984,2,4.047904652562029
1985,2,4.7496181197354215
1986,2,3.789795836239581
1987,2,4.477281374450727
1988,2,4.310487861754443
1989,2,4.480355465166197
1990,2,4.23238346828701
1991,2,4.299405085708676
1992,2,5.259406050362774
1993,2,4.711512762621579
1994,2,3.8638923032937016
1995,2,4.38276942264827
1996,2,4.213369510479565
1997,2,5.892156980324002
1998,2,4.3411872916983665
1999,2,4.797354996272898
2000,2,4.487026260618369
2001,2,4.5942125848864075
2002,2,4.20251222703173
2003,2,4.22702087659765
2004,2,4.252096647531571
2005,2,4.850822522283066
2006,2,3.9489833245180295
2007,2,4.437646208666275
2008,2,5.220367968026051
2009,2,6.331209803733437
2010,3,6.273979248039914
2011,3,5.426707443820446
2012,3,4.26120657461392
2013,3,5.681277543464951
2014,3,4.423505376131457
2015,3,5.667892252632373
2016,3,5.387932669996031
2017,3,4.5960840635510305
2018,3,4.789393514956979
2019,3,5.860468648744732
2020,4,3.289833777371892
2021,4,0.3653316788960508
2022,4,8.570879070239778
2023,4,0.24060050222224263
2024,4,0.8246376817147242
2025,4,3.8276659258281693
2026,4,2.858604324227587
2027,4,4.002396175485253
2028,4,2.7049345195564283
2029,4,6.817608678605029
2030,4,0.560966836584916
2031,4,3.6983059639529507
2032,4,3.503107863762355
2033,4,2.1128919689964056
2034,4,6.370744753990807
2035,4,2.526053656093819
2036,4,5.562150185455977
2037,4,5.144925971623111
2038,4,0.8452422426516286
2039,4,4.2557608269732885
2040,4,0.9405146272712472
2041,4,3.7466066194006613
2042,4,0.7864085865622653
2043,4,1.7000305394599706
2044,4,10.275109252653332
2045,4,1.4688382812462328
2046,4,1.8440612921765345
2047,4,13.470547035959399
2048,4,6.338772669390032
2049,4,2.3705316954227893
2050,4,1.360684223654476
2051,4,5.5778825403464
2052,4,3.1085172877771896
2053,4,1.060262275148531
2054,4,6.924566436897611
2055,4,9.809404650654605
2056,4,2.6725922828289104
2057,4,2.2469128547694215
2058,4,3.4360552672198716
2059,4,1.943253763878097
2060,4,8.102204064816965
2061,4,3.52778780806802
2062,4,4.990013626657863
2063,4,0.6596806342470468
2064,4,3.6922911775622076
2065,4,1.3063551918502285
2066,4,0.972033409739708
2067,4,2.372772738107302
2068,4,3.272470613538072
2069,4,1.8063793391180238
2070,4,6.438592920807917
2071,4,7.6349437791531285
2072,4,2.2581499602619455
2073,4,2.03254087877066
2074,4,9.647510694392743
2075,4,1.9868375025412888
2076,4,7.704740608381202
2077,4,6.85747140647488
2078,4,3.325406459886728
2079,4,2.881991663345503
2080,4,0.5110398963052831
2081,4,2.381626059471456
2082,4,9.302173237128816
2083,4,0.4334755509567211
2084,4,3.6237325072282016
2085,4,3.465964451963538
2086,4,2.5798474554341717
2087,4,3.521674645988645
2088,4,4.24804624607351
2089,4,0.5569412228711463
2090,4,0.2256333694773246
2091,4,3.7569371435317045
2092,4,3.879664196848499
2093,4,3.7358572102162304
2094,4,0.6046713545893412
2095,4,0.6184430920679351
2096,4,3.058122770940683
2097,4,2.097926721071491
2098,4,2.906154695893417
2099,4,1.9243215201461505
2100,4,4.13698579845052
2101,4,4.427278842438731
2102,4,0.8951140094121695
2103,4,0.7225628320937645
2104,4,1.0469358833348634
2105,4,6.021307409393321
2106,4,4.234488545181046
2107,4,5.223693093184003
2108,4,1.8028279377722403
2109,4,0.9322844901627843
2110,4,0.736055996686998
2111,4,0.5999195356499939
2112,4,9.060628381044017
2113,4,3.520426973006489
2114,4,5.239303815696441
2115,4,7.010289943615873
2116,4,0.38693101644131184
2117,4,1.6632479613358873
2118,4,2.4428845469615803
2119,4,11.916095498718892
2120,4,3.119209999956326
2121,4,0.9997334497943964
2122,4,6.955345282410445
2123,4,2.1414388818765926
2124,4,0.9984516693515846
2125,4,1.6956307674521067
2126,4,1.4406607016182624
2127,4,2.157197957760912
2128,4,1.4633469197982791
2129,4,3.7223522391815083
2130,4,1.0377629660649084
2131,4,2.6494594740989696
2132,4,2.901743225624214
2133,4,0.0029858297798696517
2134,4,3.041248511056598
2135,4,1.6506431988711079
2136,4,0.4975881607058828
2137,4,5.274476339283871
2138,4,2.136402923431497
2139,4,0.6184283067822216
2140,4,4.167104346161501
2141,4,8.596852025593352
2142,4,5.229097841540451
2143,4,3.68787771785163
2144,4,4.160360853223108
2145,4,1.2612774379909668
2146,4,2.580346150499297
2147,4,3.2630995335456268
2148,4,3.854341863477553
2149,4,3.452165480276484
2150,4,3.031620153078556
2151,4,6.250707887313796
2152,4,1.280569316521315
2153,4,5.23232888229981
2154,4,4.890081660168035
2155,4,8.260527596635173
2156,4,3.0593226790411325
2157,4,4.188817854542504
2158,4,2.2149136773383558
2159,4,2.0147388679809715
2160,4,1.0034568259823078
2161,4,1.1193188384924329
2162,4,7.3668948860318855
2163,4,0.6880368801460137
2164,4,6.549032597641323
2165,4,2.7648500844910866
2166,4,0.08764549823196725
2167,4,6.201589215232828
2168,4,0.21500741799599882
2169,4,4.784015492577824
2170,4,1.293666336542562
2171,4,1.6407588790472614
2172,4,6.980494125980907
2173,4,2.5707582038910144
2174,4,0.009324885580231148
2175,4,0.37356497478514616
2176,4,2.5577866177694264
2177,4,6.900665829378073
2178,4,2.156138405508267
2179,4,6.837791739836088
2180,4,3.1557275271874574
2181,4,11.722701619616934
2182,4,0.4304782101111729
2183,4,1.5480834540088673
2184,4,1.8697247396677688
2185,4,0.8525564951115778
2186,4,10.390942453495486
2187,4,2.6330975674862107
2188,4,1.6924888427248548
2189,4,1.322214917398468
2190,4,2.787127654522662
2191,4,0.45874691664364975
2192,4,1.0084769253009251
2193,4,0.47708661122291607
2194,4,0.6157497517653899
2195,4,0.2662493760308242
2196,4,1.2887120603611097
2197,4,1.9518415902512543
2198,4,0.17965537056988903
2199,4,0.36833593668851883
2200,4,6.282630374345462
2201,4,2.2039380807416262
2202,4,1.7369730076604664
2203,4,1.9689301818688183
2204,4,0.7385010716855859
2205,4,1.7438858070652274
2206,4,1.9237657244901414
2207,4,0.27518579305688634
2208,4,1.4698380270645288
2209,4,0.531988134486815
2210,4,4.600706878861654
2211,4,4.404426881812062
2212,4,2.529884570362123
2213,4,2.679410219055407
2214,4,0.9895066172393971
2215,4,0.9590890111940386
2216,4,0.3924918596817843
2217,4,5.349681669387936
2218,4,7.231467338982199
2219,4,0.938694927164782
2220,4,0.1345470723239637
2221,4,1.9717300515628053
2222,4,1.9713026936834606
2223,4,5.395050086330759
2224,4,5.9791151325522165
2225,4,0.8550726437409175
2226,4,4.265699754424923
2227,4,3.6186368532276707
2228,4,0.8966477416667387
2229,4,0.7454194896025066
2230,4,0.5712831489308541
2231,4,3.5714263185820605
2232,4,10.884528501470966
2233,4,2.95412969018136
2234,4,9.006673328007851
2235,4,2.8461340742489787
2236,4,2.584364609463181
2237,4,1.2903865890435315
2238,4,1.4346136579807127
2239,4,6.3834278838917236
2240,4,3.2586146248927848
2241,4,9.365020466855446
2242,4,2.836925809846633
2243,4,1.8066338489719158
2244,4,2.862620822673788
2245,4,5.604579370464046
2246,4,1.7623802806526128
2247,4,0.28984829820955715
2248,4,6.26146833464948
2249,4,0.6444659930615253
2250,4,1.5486759405989443
2251,4,0.823282796547754
2252,4,0.7084435439318931
2253,4,2.789066630055362
2254,4,0.259145304174381
2255,4,0.7950452490522337
2256,4,4.9025317113880025
2257,4,1.3019614639392814
2258,4,1.4574674328153718
2259,4,1.3398456880893923
2260,4,2.1735349649185527
2261,4,3.47219299117993
2262,4,0.28898609781255813
2263,4,5.116699108455825
2264,4,2.553188808561023
2265,4,0.9125857079611718
2266,4,4.9299046837778
2267,4,1.2591378193361389
2268,4,5.586680781227827
2269,4,1.369228446826499
2270,4,3.264606236040174
2271,4,4.800913637942423
2272,4,1.4786919499404698
2273,4,3.4509501312272617
2274,4,1.8628229450062932
2275,4,7.003729514650328
2276,4,2.3187913782936365
2277,4,0.8481942787056472
2278,4,6.330077402183697
2279,4,3.6153760653676663
2280,4,1.2207537403525879
2281,4,0.2282593756325194
2282,4,5.385907048082695
2283,4,0.1960745479440516
2284,4,0.515834962864417
2285,4,2.9552961948731857
2286,4,1.818355411093665
2287,4,0.8213469877979296
2288,4,7.32157410226554
2289,4,1.061046709784713
2290,4,2.026695149619707
2291,4,5.121793834963629
2292,4,0.38258700453491395
2293,4,1.888352584475925
2294,4,1.9115331527650843
2295,4,0.9287544645934945
2296,4,5.421748771078478
2297,4,1.2366200707380188
2298,4,8.229684732739585
2299,4,4.951272835642119
2300,4,0.4609874220046303
2301,4,0.785340628003128
2302,4,0.8518531652902726
2303,4,5.079630916743238
2304,4,3.018836673368428
2305,4,0.45368648174306986
2306,4,3.378728196172339
2307,4,3.5593430672378066
2308,4,1.9810011041886606
2309,4,3.4110680455163513
2310,4,0.9425851021418858
2311,4,1.2030179804846381
2312,4,10.39967689047498
2313,4,0.2897339874599281
2314,4,1.5596143079974336
2315,4,2.081086785069202
2316,4,0.8881211684518343
2317,4,0.43963670677463657
2318,4,2.821771148767453
2319,4,0.15059854565204966
2320,4,2.4347724644509805
2321,4,1.7264315888004622
2322,4,2.2653058878360492
2323,4,0.1489995598257473
2324,4,1.785930614761979
2325,4,2.4818037860076867
2326,4,1.7556836859977158
2327,4,1.2166786701117518
2328,4,2.2762647145330512
2329,4,2.787347790798062
2330,4,1.4258267715651294
2331,4,4.002100430191298
2332,4,0.9006413407510199
2333,4,3.814195296972532
2334,4,2.8968937170458395
2335,4,0.9464218602782711
2336,4,6.7523768762935
2337,4,9.64198382033164
2338,4,6.464984285429395
2339,4,4.243176667610272
2340,4,4.226672965057107
2341,4,3.5720307149196864
2342,4,2.4498503678764916
2343,4,1.0547978247698997
2344,4,0.7836302467036081
2345,4,2.4044699240574445
2346,4,2.266971346423035
2347,4,4.013195411418567
2348,4,3.0901292079146683
2349,4,1.5230101346387475
2350,4,6.286545162167124
2351,4,1.087552295671601
2352,4,3.2144798739125005
2353,4,1.5358434434647643
2354,4,0.050813185124026855
2355,4,0.15662709859325025
2356,4,1.3138683608292991
2357,4,0.8862769874368399
2358,4,8.8862355323672
2359,4,2.7965935235462704
2360,4,1.9594085470434432
2361,4,0.7741949662752502
2362,4,0.484419645292199
2363,4,6.114575622830611
2364,4,0.8915737488197191
2365,4,3.994887674699737
2366,4,3.025587064425784
2367,4,0.39772075501038484
2368,4,4.80447351147617
2369,4,1.0361228401012696
2370,4,0.5345491488799158
2371,4,1.808432241881729
2372,4,0.993417903998013
2373,4,3.5506126974399974
2374,4,2.459125211929013
2375,4,1.2068771661421047
2376,4,5.844107715606951
2377,4,10.606919487864236
2378,4,2.4582938035323325
2379,4,2.4136627340738723
2380,4,1.450895054941203
2381,4,3.320820079632796
2382,4,0.06946165811336491
2383,4,8.968786873531066
2384,4,3.506559069229792
2385,4,1.0763764901990716
2386,4,4.575476766492126
2387,4,2.3049756532294787
2388,4,1.2908619122638687
2389,4,5.160506902059958
2390,4,2.2602702014296425
2391,4,2.1026191453226466
2392,4,4.692209146260456
2393,4,3.1587156406401125
2394,4,0.8621765845364194
2395,4,1.9808454945529224
2396,4,5.962629338708349
2397,4,4.863696693363785
2398,4,0.3931942014527106
2399,4,6.140562431660168
2400,4,0.13985502278538045
2401,4,2.9910882004292008
2402,4,0.15567007285985052
2403,4,0.2795152641604434
2404,4,4.354476544363297
2405,4,5.468400255253797
2406,4,5.571177065432069
2407,4,4.108861471186482
2408,4,0.16819983243837616
2409,4,1.5295894409884794
2410,4,2.147927051270361
2411,4,2.762383326850163
2412,4,3.138555564453583
2413,4,1.3667574017647361
2414,4,11.74794143727811
2415,4,5.2854173364094095
2416,4,9.09697800257298
2417,4,15.101221110391064
2418,4,2.49857300746371
2419,4,2.834062253410125
2420,4,3.233306319975736
2421,4,2.251658974899203
2422,4,5.97594151599514
2423,4,9.62796212424195
2424,4,1.0481770233711247
2425,4,5.406600912909547
2426,4,0.654310710226124
2427,4,3.2842102830288855
2428,4,0.8372121029661614
2429,4,0.5733675064927232
2430,4,1.5820265011960397
2431,4,2.8463072660052755
2432,4,6.221444461373337
2433,4,0.7171565140502986
2434,4,6.105025625818391
2435,4,2.954385075944427
2436,4,3.1887664306255115
2437,4,3.21461915247453
2438,4,6.079749591361894
2439,4,6.341948293828837
2440,4,0.7905339918798822
2441,4,6.142129574003376
2442,4,3.917257813556125
2443,4,1.9664341374872165
2444,4,1.3064110414700856
2445,4,1.9323993276150957
2446,4,0.6242614401747756
2447,4,0.1815151729084959
2448,4,1.721055057966252
2449,4,0.9530647934807984
2450,4,2.368805252599941
2451,4,5.305088371300391
2452,4,5.141492518927691
2453,4,5.792290785886064
2454,4,1.2381243392277448
2455,4,0.25020015198716083
2456,4,1.310522637389071
2457,4,0.09933675406262353
2458,4,0.47637838827523604
2459,4,3.6023935485354426
2460,4,0.6531021929327239
2461,4,3.2134679071261463
2462,4,5.114443836759164
2463,4,1.1559149611595276
2464,4,0.27216133739623616
2465,4,5.576699700505724
2466,4,1.1018846846437016
2467,4,1.2952323818851115
2468,4,2.3475341224430966
2469,4,2.739716401177029
2470,4,1.6444486528793139
2471,4,1.0380318432969196
2472,4,4.724298797168584
2473,4,3.741444722244869
2474,4,0.37380184758701474
2475,4,3.292034745822564
2476,4,3.310660490569925
2477,4,3.597178856614836
2478,4,5.5418993647029655
2479,4,3.2256514321405967
2480,4,3.058088983682936
2481,4,2.625021268715793
2482,4,1.7223314560410348
2483,4,5.8721711278053945
2484,4,4.59768904671172
2485,4,4.858096044008878
2486,4,0.04786874990203744
2487,4,7.367156664024112
2488,4,0.8307928154312366
2489,4,4.737348062920411
2490,4,8.545170140476618
2491,4,3.7106876962137165
2492,4,2.7032621031566935
2493,4,1.1390299409729174
2494,4,2.309986407548203
2495,4,4.864454057642015
2496,4,2.44996470311615
2497,4,2.5624102453953275
2498,4,1.7646647304808976
2499,4,4.80347874007817
2500,4,3.95604965591507
2501,4,7.619487782177995
2502,4,5.379819145421238
2503,4,2.2562963656200665
2504,4,4.348302362192637
2505,4,0.2817459032784034
2506,4,0.5235073482997016
2507,4,3.497699774262703
2508,4,4.154812146291786
2509,4,5.958988560595158
2510,4,2.8880804759064898
2511,4,9.016150018833187
2512,4,1.1930988305405594
2513,4,4.864218260624756
2514,4,5.894836549565386
2515,4,0.7835754117714803
2516,4,1.25136226860623
2517,4,4.2846015014314895
2518,4,2.473113773714238
2519,4,2.2910962423760064
2520,4,3.386391432313355
2521,4,0.7174268100688103
2522,4,0.6637464778723186
2523,4,6.211207697434617
2524,4,3.493173755675458
2525,4,2.143287228252992
2526,4,1.7399059100895016
2527,4,1.9161939372412924
2528,4,7.078752897242581
2529,4,4.65149226147128
2530,4,4.8466664444705385
2531,4,4.9813925343485925
2532,4,4.477479468251087
2533,4,5.7715816733382175
2534,4,0.3640532902434193
2535,4,7.167037244124853
2536,4,1.8663204530536641
2537,4,4.051643766456215
2538,4,0.10858992281483786
2539,4,1.0216917981009574
2540,4,5.194662293081854
2541,4,1.9785256046589743
2542,4,3.158969771423867
2543,4,3.7781317394665517
2544,4,0.4387471979387722
2545,4,0.37236574838177205
2546,4,3.1310434461676198
2547,4,3.714726253759814
2548,4,0.10754354085000326
2549,4,2.005854157376633
2550,4,3.3737615370417418
2551,4,0.7593741253421061
2552,4,8.692015692110019
2553,4,1.9278041432089745
2554,4,4.2679421441431264
2555,4,4.659294667818896
2556,4,1.2797327330722779
2557,4,1.253575495722021
2558,4,3.4797864036832076
2559,4,3.896791374165264
2560,4,1.606552749586674
2561,4,3.4944107199331262
2562,4,0.6092116978233856
2563,4,7.091291844610599
2564,4,9.10482730826364
2565,4,1.1431224091268066
2566,4,1.8630592319606316
2567,4,3.189066664200809
2568,4,3.625361365799933
2569,4,0.605891444381544
2570,4,4.77274488066659
2571,4,0.36273938557515156
2572,4,2.039065519730728
2573,4,7.039448875165433
2574,4,1.6388442515581527
2575,4,3.147822916088878
2576,4,2.2171607562820803
2577,4,0.6007565831124223
2578,4,0.08184680072833547
2579,4,0.45875855205417265
2580,4,4.852345316058057
2581,4,1.6675237301454728
2582,4,2.96618347689287
2583,4,0.7601395511645448
2584,4,1.9293792198739508
2585,4,1.503840210847327
2586,4,5.878281467982805
2587,4,2.6480432067625816
2588,4,3.3611154411105666
2589,4,0.09754122691371549
2590,4,2.105939906740352
2591,4,0.9536336581006669
2592,4,1.8607521674081475
2593,4,0.6310929063405656
2594,4,2.34918064758273
2595,4,1.6142499429219819
2596,4,2.1246106115399077
2597,4,0.595674653390171
2598,4,4.048155093235116
2599,4,2.6570317912104087
2600,4,3.0555336421233146
2601,4,4.489007026422735
2602,4,2.916339283142725
2603,4,9.669034793337673
2604,4,1.3623324402470751
2605,4,2.973864224661921
2606,4,1.3736012042267398
2607,4,6.566428710531358
2608,4,0.8349918601174152
2609,4,6.194072434090358
2610,4,2.69560216009769
2611,4,5.23924492244408
2612,4,6.922762549550131
2613,4,2.9816760273577887
2614,4,2.42157558311859
2615,4,1.9561696312544177
2616,4,0.23219662600017682
2617,4,7.742094617023802
2618,4,2.0032937156156723
2619,4,1.4300747206363074
2620,4,2.7312769616197574
2621,4,3.699255221879224
2622,4,6.997815151393094
2623,4,7.755687610396513
2624,4,1.9934790639428017
2625,4,1.3557588992098544
2626,4,0.694053274338682
2627,4,3.956369968466398
2628,4,5.05765728048791
2629,4,1.4371147237512176
2630,4,5.279450754052411
2631,4,2.38747193475749
2632,4,3.2080104027076235
2633,4,2.1358094040152604
2634,4,2.540247804249566
2635,4,3.1412337524766043
2636,4,8.070423937212986
2637,4,4.925470552200901
2638,4,9.546432974467471
2639,4,0.4394346418206808
2640,4,4.834723075951834
2641,4,4.058342439486472
2642,4,6.850306787812222
2643,4,8.074256974320276
2644,4,1.300223569487194
2645,4,7.77726259961137
2646,4,3.3538824063766755
2647,4,0.9903517593690457
2648,4,9.00860610928197
2649,4,4.597577673465988
2650,4,8.089364755051474
2651,4,2.150215033820528
2652,4,8.508826744637334
2653,4,1.1341730011562665
2654,4,0.2738932325139755
2655,4,4.608012428770742
2656,4,1.0881819829127184
2657,4,0.447616973446799
2658,4,2.041711129159755
2659,4,3.033917395749596
2660,4,1.2559477772213479
2661,4,0.16449425542089785
2662,4,1.6432779494384453
2663,4,0.6741505725062314
2664,4,1.7314116351452413
2665,4,1.932349260549821
2666,4,3.0050493388195965
2667,4,6.055138276850265
2668,4,0.4636715234643675
2669,4,2.486505105704424
2670,4,0.8296985007520524
2671,4,0.9824427970356903
2672,4,2.9420184833335825
2673,4,1.3523356075443294
2674,4,4.627631334785967
2675,4,0.5142262600371497
2676,4,0.9315836543976925
2677,4,4.350962764154208
2678,4,2.557761794071571
2679,4,0.8291705437244312
2680,4,5.62041720166235
2681,4,2.4975313282581304
2682,4,2.5212060720117133
2683,4,1.8887296761832455
2684,4,7.582346737107474
2685,4,1.2619210432532293
2686,4,3.559233544219398
2687,4,3.096316817177545
2688,4,7.462063917516512
2689,4,1.5773073009579783
2690,4,5.149752505442075
2691,4,4.078388628781678
2692,4,1.226852724770219
2693,4,2.1009861600148034
2694,4,1.1006696375357752
2695,4,3.2925433678962794
2696,4,1.152818454355176
2697,4,3.932898033980361
2698,4,1.9029888504276145
2699,4,0.6257034832319379
2700,4,2.4091212891580467
2701,4,3.1413081184568816
2702,4,12.302305032036509
2703,4,2.6032948154686846
2704,4,2.9773343878689693
2705,4,1.0880667016522223
2706,4,1.8287275079414198
2707,4,3.146071790975615
2708,4,0.34847978300821547
2709,4,0.18788333772890886
2710,4,2.8273139497017903
2711,4,1.5843624483729313
2712,4,0.44926619645918386
2713,4,5.531908862513869
2714,4,0.9213881866081777
2715,4,8.823127635930383
2716,4,0.9843657680864568
2717,4,5.383285987041847
2718,4,0.7740536109014201
2719,4,3.971216541008185
2720,4,3.2833118093267974
2721,4,5.561762475236884
2722,4,2.478577824785193
2723,4,1.7976707926849012
2724,4,1.8093520771433145
2725,4,1.1699878408314288
2726,4,0.8085344514445831
2727,4,1.7347021759468118
2728,4,1.4084317566391469
2729,4,3.5453439301078795
2730,4,1.1786227993553604
2731,4,0.2976270574256198
2732,4,0.3512764401248438
2733,4,2.5969903021674576
2734,4,1.607214142047658
2735,4,5.375600305768171
2736,4,2.1664144215588923
2737,4,0.7116122261461459
2738,4,1.8686472785175416
2739,4,6.044298052570317
2740,4,13.353319850590566
2741,4,0.5410249539623605
2742,4,7.298674775505843
2743,4,2.8972202698793876
2744,4,0.7468738633128512
2745,4,2.790980572455206
2746,4,2.8658220533042584
2747,4,0.97810884678392
2748,4,3.444412077119387
2749,4,3.8230208088089905
2750,4,3.032249782353455
2751,4,0.546496731192816
2752,4,7.1359376453374965
2753,4,2.776310644978642
2754,4,3.288353319752135
2755,4,0.9015956881827392
2756,4,0.3201642320161667
2757,4,3.0688445876410375
2758,4,2.5230470769626803
2759,4,3.548060538782394
2760,4,3.495914965372193
2761,4,2.950983441579596
2762,4,2.049065966164789
2763,4,4.528418316397869
2764,4,0.07739857963239208
2765,4,0.4870944791558593
2766,4,0.8533479723225552
2767,4,3.74336136012398
2768,4,5.221204183873313
2769,4,1.3019753151019682
2770,4,1.2044729414861912
2771,4,0.6060880862301214
2772,4,3.406706417346728
2773,4,8.903508671601733
2774,4,4.037601267997871
2775,4,2.2772536577571585
2776,4,0.747927671076939
2777,4,0.05881022205266045
2778,4,2.87075599776238
2779,4,6.916727817871933
2780,4,6.783319170415216
2781,4,1.0223428816478368
2782,4,1.539828984921886
2783,4,1.2640131885437125
2784,4,0.6734665616904913
2785,4,2.3352229223674046
2786,4,1.1012260833224794
2787,4,12.114460560903181
2788,4,0.5448335812812403
2789,4,1.14120303967732
2790,4,2.3309276656783813
2791,4,5.2303212877880405
2792,4,0.7770595145827687
2793,4,1.3825240715834315
2794,4,0.8573931588482416
2795,4,4.226453035058359
2796,4,0.36246305211935
2797,4,1.4087136974175163
2798,4,1.5191803648777646
2799,4,1.4109322679989729
2800,4,6.022239888325333
2801,4,1.9446125128159029
2802,4,2.5804041451062707
2803,4,1.6254738655761862
2804,4,2.8038566116796155
2805,4,3.3537296090965563
2806,4,4.2774446644714965
2807,4,2.217296620132934
2808,4,4.298879802291376
2809,4,2.738445993244097
2810,4,0.6660932442686541
2811,4,0.1013636210525635
2812,4,1.017222527814646
2813,4,0.7736641659936426
2814,4,1.0470218441935617
2815,4,4.78434818136032
2816,4,8.117472118197611
2817,4,2.8146196064772764
2818,4,4.812324327625373
2819,4,4.948615639375033
2820,4,5.876233435083507
2821,4,1.4423744846588855
2822,4,2.338559474574652
2823,4,6.74645954041833
2824,4,8.795998930589871
2825,4,3.37423027026554
2826,4,2.54063034735157
2827,4,2.878833690285578
2828,4,4.82944297202004
2829,4,3.602560995458664
2830,4,0.42467418545768726
2831,4,1.4189481326546933
2832,4,3.363120918376102
2833,4,1.0569130046023685
2834,4,4.568117412066227
2835,4,0.9771044312762039
2836,4,6.006936185640094
2837,4,2.502752652725934
2838,4,1.394694442150072
2839,4,0.6427347215239599
2840,4,0.8423770854608641
2841,4,1.9279619306510776
2842,4,1.8529279814493322
2843,4,3.990921529664652
2844,4,2.184157606223998
2845,4,1.2727736854453287
2846,4,2.3957646363299427
2847,4,2.480172783752222
2848,4,1.820772811076197
2849,4,1.5406058575563182
2850,4,1.6206593002730736
2851,4,7.0941891959763375
2852,4,3.666286930614682
2853,4,2.162628881714846
2854,4,5.303493394972064
2855,4,0.6301342893956154
2856,4,2.3741636487289206
2857,4,7.594740146775155
2858,4,1.3216252405702607
2859,4,0.2822119981596165
2860,4,1.42652110989573
2861,4,9.761246358163188
2862,4,5.0258438205459655
2863,4,3.806018021843542
2864,4,0.8842964310682495
2865,4,6.742550298883344
2866,4,0.8077982838103788
2867,4,2.2998663990030996
2868,4,1.471543165537139
2869,4,7.581953599473898
2870,4,0.8056502461056877
2871,4,6.912540272636632
2872,4,3.706189690878353
2873,4,2.1019908726243988
2874,4,7.638916963086153
2875,4,1.3450249174086044
2876,4,3.403011627619124
2877,4,8.259734937754157
2878,4,3.550076130762158
2879,4,3.993742496018531
2880,4,3.0041965746016963
2881,4,3.484238160374379
2882,4,5.852593206948969
2883,4,0.2462004856042587
2884,4,4.544113922604229
2885,4,3.9495192987296472
2886,4,0.29638417710952925
2887,4,1.2560302826311545
2888,4,0.8891406518512938
2889,4,2.7013993992954584
2890,4,3.085122434860961
2891,4,5.263563329179885
2892,4,1.5664040472296001
2893,4,2.9777065348366443
2894,4,5.254544150762714
2895,4,0.3821234196385408
2896,4,2.1782967347872755
2897,4,0.10381752672609904
2898,4,14.368946382499354
2899,4,5.41797182088418
2900,4,0.7595629540990122
2901,4,3.647651044587288
2902,4,2.869547088857278
2903,4,2.329636299080834
2904,4,1.300044570297226
2905,4,9.323583241377076
2906,4,0.46488318798875217
2907,4,0.4581337900029406
2908,4,0.61051895146841
2909,4,1.7078210104461566
2910,4,4.697145965729149
2911,4,1.591999364906453
2912,4,1.2676279704775673
2913,4,0.387131051996422
2914,4,0.4441203223306721
2915,4,1.8569259182173108
2916,4,3.190778866122185
2917,4,0.8421383082482835
2918,4,1.239087234440232
2919,4,10.474472368761493
2920,4,0.32397025841826754
2921,4,0.22690346217703242
2922,4,5.299774184981516
2923,4,4.172913406619989
2924,4,1.8217335848086373
2925,4,1.4457945745478227
2926,4,0.9552431036859168
2927,4,0.13598097969867154
2928,4,3.4008388872283444
2929,4,0.7030412892464649
2930,4,2.6921504422985505
2931,4,0.6599286095334386
2932,4,5.061210190253761
2933,4,2.2950936267051643
2934,4,4.331190565113596
2935,4,1.0318223125612083
2936,4,1.7554699110518512
2937,4,1.8818342333367195
2938,4,1.694513672354175
2939,4,4.399938517214837
2940,4,2.3823731442660696
2941,4,2.586783443963854
2942,4,4.661970508409461
2943,4,0.22297140709864677
2944,4,3.7073959345629084
2945,4,2.6902226984260937
2946,4,2.1027644078970478
2947,4,0.013480764418796915
2948,4,2.370947578975816
2949,4,2.348416662598232
2950,4,0.5829137851179228
2951,4,1.3484507179297087
2952,4,3.6674406258033367
2953,4,4.470727912226584
2954,4,2.2296144012326278
2955,4,1.7837937647059496
2956,4,0.764745287387955
2957,4,3.797106245164418
2958,4,2.3405081239258085
2959,4,0.09094349538412393
2960,4,6.239088795867783
2961,4,1.999462959400673
2962,4,8.141010214256552
2963,4,1.9378512172622369
2964,4,4.91108047668819
2965,4,0.3805915364300842
2966,4,7.755292515480397
2967,4,1.5312377345468315
2968,4,0.19344075105296504
2969,4,1.5819257208284716
2970,4,3.8482283914626314
2971,4,8.038780295293204
2972,4,8.016179852785404
2973,4,3.306034636357871
2974,4,1.9086132937923934
2975,4,3.091511875369423
2976,4,2.619019370972049
2977,4,7.64910296882818
2978,4,1.2754890992778989
2979,4,3.104546991825267
2980,4,5.907945596102593
2981,4,0.3030927250527912
2982,4,2.44319866227205
2983,4,3.3237438623187305
2984,4,8.725568783145121
2985,4,0.631397106262291
2986,4,2.139375090103037
2987,4,6.579181508232172
2988,4,8.488305332079594
2989,4,1.0654738812559619
2990,4,4.658795355450641
2991,4,0.7869347851800692
2992,4,0.30641469995863835
2993,4,3.2888533636971915
2994,4,7.84128055984667
2995,4,6.440713433177781
2996,4,5.206746486135119
2997,4,2.7080169148281916
2998,4,0.19672585898621964
2999,4,0.7805710361148287
3000,4,0.6616279196735804
3001,4,1.5710241740462756
3002,4,3.910096308165014
3003,4,2.3992186897747527
3004,4,12.196708244303604
3005,4,0.6491081027927968
3006,4,2.821353219367277
3007,4,1.9846282662962091
3008,4,0.8458154066991913
3009,4,0.24539914392352485
3010,4,6.281118087811761
3011,4,5.17507239793959
3012,4,1.4479852446999733
3013,4,3.754326726950245
3014,4,2.525165028450725
3015,4,0.36569169627529674
3016,4,9.01267991355426
3017,4,5.592427164555155
3018,4,9.083249032490889
3019,4,2.8144638160011626
3020,5,1.0369474128156415
3021,5,1.902676817826678
3022,5,1.6828054356105486
3023,5,1.67637847340733
3024,5,1.9973367810706928
3025,5,0.39648730767801255
3026,5,2.136139595889024
3027,5,4.5481124212576685
3028,5,2.419076554925482
3029,5,1.1099950302964687
